Q14537006,4315540-6
Q327940,4400452-7
Q3272450,4806918-8
Q1991082,4668137-1
Q808125,4452655-6
Q2241454,4458978-5
Q208559,4810822-4
Q327983,4222708-2
Q10344013,4090203-1
Q462239,4279519-9
Q29265,4069841-5
Q18286342,7532303-5
Q335277,7526016-5
Q1545193,4680164-9
Q584428,7605362-3
Q34925,4076805-3
Q41275764,7520601-8
Q27909660,1025871022
Q675515,4602920-5
Q2030210,7695438-9
Q1699230,4724038-6
Q862602,4358336-2
Q636700,4831697-0
Q204332,4293085-6
Q509104,4948799-1
Q1640315,4649794-8
Q958699,4509278-3
Q3982334,1061221903
Q2321744,4370582-0
Q2558884,4369068-3
Q566436,1047378906
Q538301,4547515-5
Q808122,4222302-7
Q1492013,4362251-3
Q638283,4199094-8
Q38275139,4503392-4
Q12506,4096339-1
Q391229,4224935-1
Q1530171,4690058-5
Q2222012,4720309-2
Q1020430,4542132-8
Q2241546,4770210-2
Q1674603,1284495027
Q128468,7616853-0
Q2222404,4842901-6
Q257481,4443335-9
Q644028,1084802953
Q32664282,7752633-8
Q61857566,7558509-1
Q15302953,7606410-4
Q1866506,4370115-2
Q175874,4392441-4
Q156675,4079298-5
Q830685,1129473147
Q1478455,4436368-0
Q1132503,4347243-6
Q1257533,4313575-4
Q239028,4277568-1
Q154563,4194498-7
Q1130137,1219693227
Q896879,4104219-0
Q193193,4389954-7
Q58181627,4415742-3
Q532191,4075066-8
Q76950528,4419880-2
Q565670,4197960-6
Q2942566,4506845-8
Q1886229,4740745-1
Q5911869,4741682-8
Q312220,4609248-1
Q2241076,4724078-7
Q686720,4580165-4
Q96623003,1029364710
Q1143171,4225549-1
Q317346,4318819-9
Q1237968,7650906-0
Q41348891,4641456-3
Q1892101,4320561-6
Q1192577,4527305-4
Q2557858,4406599-1
Q2031901,4459147-0
Q1365690,4833242-2
Q1520841,7516669-0
Q334442,4209648-0
Q442394,4248203-3
Q1534288,4381809-2
Q1236543,4377996-7
Q1450359,4210549-3
Q7590800,4528126-9
Q314517,4361330-5
Q368576,4204453-4
Q2428526,4724039-8
Q16831360,1124115579
Q5910277,1153025590
Q2251849,4728877-2
Q20196262,1042486751
Q28785,4341634-2
Q5938,4228478-8
Q18913009,4735066-0
Q46117726,7863513-5
Q73752090,7569661-7
Q15848589,7740834-2
Q18413301,7662336-1
Q15129737,4833241-0
Q16479204,4368754-4
Q2321674,7515912-0
Q14912432,4798066-7
Q84611729,4842876-0
Q15109672,4785592-7
Q16857154,7743204-6
Q14538281,4784966-6
Q819914,4454316-5
Q114829959,1129201058
Q15119841,1065613059
Q1034853,4235243-5
Q2410105,4751091-2
Q1499912,4295942-1
Q1087367,4708526-5
Q35525,4331244-5
Q3531558,1069792462
Q458821,4456857-5
Q1263246,4409927-7
Q1339429,4324706-4
Q106934,4068648-6
Q63000434,1170723691
Q33102955,1150199253
Q2063901,112442153X
Q1240164,4754677-3
Q167193,4104564-6
Q1930141,4647826-7
Q173882,4223812-2
Q700070,4477661-5
Q318798,4294583-5
Q825047,4407464-5
Q1364052,4221082-3
Q262563,4514224-5
Q272162,4659527-2
Q1259104,4480297-3
Q11259,4295532-4
Q1791798,1060085488
Q581762,4844020-6
Q193639,4801064-9
Q155210,4272961-0
Q682188,4104450-2
Q41288408,1191110893
Q739364,4385860-0
Q1796145,4577527-8
Q572269,7850118-0
Q62408,4419985-5
Q3516746,4451846-8
Q27478841,1093881259
Q1332652,1099329957
Q1897837,4218152-5
Q1236695,4244842-6
Q87880702,1084247690
Q873562,7568067-1
Q315694,4414812-4
Q513300,4069211-5
Q170495,4263672-3
Q359242,7540811-9
Q1751141,4238308-0
Q1385934,1076340199
Q3585434,4760231-4
Q819898,4788083-1
Q1897813,4368129-3
Q695038,4112829-1
Q225459,4358630-2
Q615183,7618873-5
Q1281237,4320942-7
Q254476,4410516-2
Q700199,4272995-6
Q1131208,4071060-9
Q616790,4200184-5
Q573881,4204237-9
Q2097254,4595098-2
Q153951,4278599-6
Q279089,4222311-8
Q316021,4346375-7
Q3983259,1023093537
Q2241975,4598467-0
Q1348242,4229792-8
Q677383,4264411-2
Q671066,4367719-8
Q679101,4192773-4
Q5104654,1081554452
Q66507250,1072252481
Q157229,4267117-6
Q15825826,7603227-9
Q22720,4134276-8
Q1649692,4609112-9
Q673223,7554320-5
Q5471,1092204164
Q69087314,4070554-7
Q923702,4232545-6
Q669544,4074052-3
Q167231,4223469-4
Q1776168,4471294-7
Q661125,4224871-1
Q25480587,1084249723
Q215023,4497285-4
Q378143,4645953-4
Q180274,4069930-4
Q24719360,102828909X
Q1618736,7754216-2
Q1710826,4837678-4
Q1257684,4639595-7
Q1921157,4091345-4
Q936545,4250453-3
Q252555,4218076-4
Q875365,4594885-9
Q230364,4664440-4
Q1903216,7785596-6
Q135737,4204759-6
Q391274,4436150-6
Q41225,4223680-0
Q262769,4113632-9
Q450953,1028079885
Q5924,4104214-1
Q57341,4125053-9
Q701567,4199339-1
Q106499996,1023118130
Q1236627,4587242-9
Q1236544,4341611-1
Q902532,4193177-4
Q2244330,4528346-1
Q1853707,4682298-7
Q875735,4098070-4
Q630576,4504194-5
Q686773,104365559X
Q1766940,4389385-5
Q810139,4075796-1
Q2287001,4236652-5
Q254650,7648338-1
Q3674338,4446799-0
Q2413504,4193854-9
Q2324837,4482874-3
Q2465868,7757671-8
Q1699871,4348588-1
Q1542156,4222332-5
Q1447091,4527519-1
Q131330,4117646-7
Q3531558,4393732-9
Q1015107,7572082-6
Q5949,4256514-5
Q402221,4357932-2
Q323756,7555101-9
Q2196869,4603445-6
Q15042373,7625753-8
Q1582758,4509353-2
Q151545,4122665-3
Q571282,4075347-5
Q517334,4220214-0
Q913182,4256398-7
Q674472,4123332-3
Q278908,4069201-2
Q44562,4212398-7
Q295844,4430157-1
Q666960,4122000-6
Q875568,4581892-7
Q15130968,7691985-7
Q15088971,7599669-8
Q86458101,7833001-4
Q1636460,4425713-2
Q15848648,4718325-1
Q15803946,7756486-8
Q1877938,4765153-2
Q1362663,4305695-7
Q5933,4206437-5
Q207486,4119785-9
Q647987,4106691-1
Q32653910,4212264-8
Q1546811,4496763-9
Q708532,4195387-3
Q5419362,4071989-3
Q250212,4132384-1
Q542329,4051084-0
Q808382,4821045-6
Q246474,4271001-7
Q1548233,7844419-6
Q610961,7740035-5
Q33200,4070108-6
Q154996,4122902-2
Q1287889,4194515-3
Q259799,4104570-1
Q2407092,4647158-3
Q2261322,4509621-1
Q2776250,4363430-8
Q41276709,4541734-9
Q225471,7517061-9
Q693869,4270903-9
Q1991117,4223589-3
Q2542886,4308121-6
Q3983228,4501844-3
Q437807,4683710-3
Q262306,4227471-0
Q1236564,4759120-1
Q191739,4097998-2
Q684119,4657526-1
Q390150,4306895-9
Q944225,4466667-6
Q2942355,4398519-1
Q872821,4270744-4
Q99689871,4796465-0
Q1488613,4272463-6
Q205380,4117859-2
Q458439,4393279-4
Q598352,4237104-1
Q127426,7738806-9
Q43473,4386310-3
Q322853,4289347-1
Q4176,4122597-1
Q686109,4222392-1
Q611944,4069037-4
Q4055,4409302-0
Q535443,4335629-1
Q28805444,4222282-5
Q686664,4248427-3
Q688315,4196596-6
Q638519,4243639-4
Q1690839,4274055-1
Q2244534,7665776-0
Q2031943,4716285-5
Q819742,4543717-8
Q1545815,7704944-5
Q1441816,4495218-1
Q538370,4418011-1
Q2462558,4307225-2
Q3047420,4307222-7
Q880354,4336926-1
Q205136,4224747-0
Q2942514,4754826-5
Q314092,4370404-9
Q143463,4297022-2
Q170123,4267115-2
Q179062,4103202-0
Q753721,4251533-6
Q61962413,4468106-9
Q5901,4068763-6
Q2240814,4231815-4
Q2204013,4486270-2
Q10924,4253825-7
Q1744339,4796483-2
Q279402,4359256-9
Q875317,4317974-5
Q155743,4526471-5
Q878372,4323189-5
Q3916007,4215003-6
Q1260885,4318293-8
Q1679537,1244927392
Q2316162,4447660-7
Q2095189,4581807-1
Q323556,4361353-6
Q963954,4075797-3
Q267182,4195250-9
Q2024749,4597714-8
Q375042,4429382-3
Q49231459,7674347-0
Q2321283,4366980-3
Q1246236,7674353-6
Q12512,4076822-3
Q231699,4262377-7
Q186282,4228647-5
Q15782757,4107883-4
Q84090,4124075-3
Q253663,4513905-2
Q37200,4093545-0
Q5920,4416535-3
Q1571657,4302608-4
Q202902,4361287-8
Q280268,4194773-3
Q321819,4260256-7
Q745460,4116639-5
Q94744,4068523-8
Q2981,4075869-2
Q5908,4126584-1
Q1649788,4225189-8
Q18068,4275418-5
Q1330584,4463440-7
Q1075988,4075873-4
Q846365,4408878-4
Q694252,4063512-0
Q688472,4410349-9
Q661752,4389935-3
Q2323242,4320056-4
Q89415012,7657656-5
Q12068168,4449503-1
Q1236551,4386852-6
Q1563071,4608000-4
Q704346,4508140-2
Q2956755,4487616-6
Q798175,4320189-1
Q301607,4267676-9
Q2320421,4536022-4
Q668341,4129551-1
Q133274,4074990-3
Q2317925,4208518-4
Q18571826,7641014-6
Q684506,4227812-0
Q2744847,4776590-2
Q1466926,4578352-4
Q1067803,4600803-2
Q2251842,4757119-6
Q638250,4234305-7
Q34359516,4392610-1
Q564532,4312579-7
Q592392,4125067-9
Q458410,4528570-6
Q933903,4449610-2
Q383958,4126204-9
Q1508735,4353468-5
Q6456,4585700-3
Q1556432,4202685-4
Q2327461,4340705-5
Q167314,4256724-5
Q111097904,4821086-9
Q113045037,4222390-8
Q810103,4406254-0
Q694286,4300889-6
Q670913,4524140-5
Q1888459,7614989-4
Q1268593,4279144-3
Q55178541,4307489-3
Q252166,4216592-1
Q707357,4224099-2
Q231606,4416448-8
Q16857014,7607736-6
Q1123180,4224926-0
Q1775206,4353411-9
Q316414,4136982-8
Q1591482,4269790-6
Q1733954,4293003-0
Q2140145,4402265-7
Q1823413,4479364-9
Q200959,4256673-3
Q2312076,7605552-8
Q896127,4755864-7
Q1230608,4310277-3
Q686787,4676488-4
Q877030,4237478-9
Q1265636,4236983-6
Q1559661,4631731-4
Q3585357,7524803-7
Q3668820,4226848-5
Q830807,4221903-6
Q126327,4485730-5
Q172988,4078763-1
Q519613,4114392-9
Q57262792,4439652-1
Q5943,4079282-1
Q732511,4097997-0
Q2157592,4748080-4
Q151330,4132604-0
Q282554,4245259-4
Q2943,4104970-6
Q258908,4224677-5
Q895479,4368952-8
Q1419675,4842959-4
Q679292,4051421-3
Q1573417,4074362-7
Q170402,4468631-6
Q1282278,4223844-4
Q490497,7527117-5
Q5785797,4745425-8
Q666935,4223029-9
Q201428,4277998-4
Q317912,4561441-6
Q925864,4262062-4
Q1236685,4352131-9
Q666479,4120970-9
Q198106,4258855-8
Q1736086,4214987-3
